{"cameraMode":{"drawMode":0,"name":"Shaded","section":"Shading Mode"},"sceneLighting":false,"audioPlay":false,"sceneViewState":{"m_AlwaysRefresh":false,"showFog":true,"showSkybox":false,"showFlares":true,"showImageEffects":true,"showParticleSystems":true,"showVisualEffectGraphs":true,"m_FxEnabled":true},"in2DMode":false,"pivot":{"x":58.351070404052737,"y":92.54839324951172,"z":-4.4674763679504398},"rotation":{"x":0.003958480898290873,"y":-0.9552305340766907,"z":0.2957502603530884,"w":0.012902944348752499},"size":139.54742431640626,"orthographic":false}