{"cameraMode":{"drawMode":0,"name":"Shaded","section":"Shading Mode"},"sceneLighting":true,"audioPlay":false,"sceneViewState":{"m_AlwaysRefresh":false,"showFog":true,"showSkybox":true,"showFlares":true,"showImageEffects":true,"showParticleSystems":true,"showVisualEffectGraphs":true,"m_FxEnabled":true},"in2DMode":false,"pivot":{"x":-3.4998085498809816,"y":-1.3583331108093262,"z":-7.5757551193237309},"rotation":{"x":0.19435946643352509,"y":0.7920317649841309,"z":-0.31577441096305849,"w":0.4854971468448639},"size":0.8660253882408142,"orthographic":false}